User ID,Gender,Age,EstimatedSalary,Purchased
1,Female,56,115235,1
2,Male,46,89740,1
3,Female,32,131352,1
4,Male,60,81617,0
5,Male,25,31896,0
6,Male,38,145798,0
7,Male,56,20237,0
8,Male,36,35056,0
9,Male,40,129548,1
10,Male,28,126488,1
11,Male,28,149415,0
12,Female,41,44375,1
13,Male,53,31964,1
14,Male,57,128429,1
15,Male,41,82215,0
16,Male,20,84042,0
17,Male,39,108468,0
18,Male,19,24435,0
19,Male,41,93832,1
20,Male,47,66293,0
21,Male,55,93781,1
22,Male,19,58919,1
23,Male,38,136172,0
24,Male,50,109758,1
25,Male,29,71573,0
26,Male,39,74101,1
27,Male,42,41646,0
28,Male,44,119185,0
29,Female,59,38049,0
30,Male,45,113116,1
31,Male,33,112379,1
32,Female,32,83385,0
33,Female,20,141131,0
34,Male,54,38289,0
35,Male,24,125226,1
36,Female,38,115793,1
37,Male,26,24823,0
38,Male,56,56975,0
39,Male,35,24540,0
40,Female,21,31364,0
41,Male,42,42663,0
42,Male,31,66991,0
43,Female,26,119182,1
44,Male,43,109704,1
45,Male,19,64115,0
46,Male,37,106007,0
47,Female,45,26938,0
48,Male,24,106680,1
49,Male,25,19000,1
50,Male,52,116042,1
51,Male,31,108610,1
52,Male,34,118691,1
53,Female,53,53304,0
54,Male,57,84449,1
55,Male,21,97986,1
56,Male,19,123940,0
57,Male,23,53494,1
58,Male,59,18373,1
59,Male,21,112532,0
60,Male,46,107658,0
61,Male,35,138633,1
62,Male,43,115386,1
63,Male,51,42350,0
64,Male,27,108008,0
65,Male,53,109297,1
66,Male,31,40351,1
67,Male,48,103668,1
68,Male,32,129585,0
69,Female,25,90353,0
70,Male,31,80953,1
71,Male,40,72458,1
72,Male,57,35358,1
73,Female,38,18267,1
74,Male,33,97745,0
75,Male,35,104588,0
76,Male,41,53513,0
77,Male,43,26338,1
78,Male,42,146484,1
79,Male,58,22543,1
80,Male,46,120891,0
81,Male,32,75692,0
82,Male,18,59425,0
83,Male,42,53756,0
84,Male,24,33888,0
85,Male,26,62295,0
86,Male,41,129352,1
87,Male,18,98042,0
88,Male,25,100999,0
89,Male,41,32955,1
90,Male,28,52841,0
91,Male,34,85640,0
92,Male,25,76476,0
93,Male,52,59811,1
94,Male,52,86180,0
95,Male,50,127856,1
96,Male,22,83450,0
97,Female,59,126888,1
98,Female,56,125448,0
99,Male,58,29397,1
100,Male,45,146800,0
101,Male,24,134180,1
102,Male,26,81234,0
103,Male,25,54954,1
104,Female,29,94459,1
105,Male,51,74163,1
106,Male,50,66934,1
107,Male,40,69098,0
108,Male,41,20486,1
109,Male,54,101900,0
110,Male,52,141020,1
111,Female,57,117795,1
112,Male,39,102508,0
113,Male,44,133324,1
114,Male,52,75566,1
115,Male,18,42192,0
116,Male,52,16062,1
117,Male,54,99076,1
118,Male,31,104780,1
119,Male,20,36689,0
120,Female,18,26174,0
121,Female,22,103461,0
122,Male,43,141174,1
123,Male,31,118033,0
124,Male,56,24348,0
125,Male,44,53102,1
126,Female,26,89460,0
127,Male,32,117634,0
128,Male,32,104930,0
129,Male,43,21801,1
130,Male,59,118150,1
131,Male,30,16542,0
132,Male,49,36677,0
133,Male,56,54081,0
134,Male,49,108105,0
135,Male,21,34065,0
136,Male,47,103092,0
137,Male,54,69693,0
138,Female,40,41962,1
139,Female,56,43295,0
140,Male,32,28807,0
141,Male,60,147396,1
142,Female,46,106267,1
143,Male,53,34870,0
144,Male,30,41790,0
145,Female,49,133874,0
146,Male,24,40289,0
147,Male,39,30485,1
148,Male,45,59482,1
149,Male,19,101188,0
150,Male,59,19748,0
151,Male,23,18709,0
152,Male,45,138961,1
153,Male,45,45355,0
154,Male,37,57918,0
155,Male,47,67224,1
156,Female,28,54298,0
157,Male,45,95219,1
158,Male,42,76629,0
159,Female,56,81040,0
160,Male,50,43016,0
161,Male,18,38960,1
162,Male,44,48591,1
163,Male,30,118333,0
164,Male,58,129821,1
165,Male,20,51395,0
166,Male,56,144695,1
167,Male,23,49620,0
168,Male,25,143148,1
169,Male,44,35559,0
170,Male,26,108396,0
171,Female,54,36732,0
172,Male,50,106362,1
173,Male,59,28843,1
174,Male,41,129065,1
175,Male,32,86726,0
176,Male,49,32640,1
177,Male,49,67528,1
178,Male,41,53413,0
179,Male,58,67638,0
180,Male,29,125133,1
181,Male,56,121357,0
182,Male,19,93859,1
183,Male,20,114657,1
184,Male,54,26023,1
185,Female,34,36447,1
186,Male,19,140899,1
187,Female,19,38959,0
188,Female,45,81203,0
189,Female,40,134156,1
190,Female,54,24337,0
191,Male,49,61427,0
192,Male,50,76529,1
193,Male,18,117023,0
194,Male,36,99665,0
195,Male,19,120787,0
196,Male,43,48307,1
197,Male,49,142016,0
198,Male,23,19835,0
199,Female,49,35159,0
200,Male,21,136790,1
201,Male,28,120616,0
202,Female,34,93752,1
203,Female,55,70284,1
204,Male,41,72043,0
205,Female,22,112007,1
206,Female,51,97844,1
207,Female,23,42532,0
208,Male,39,137402,0
209,Male,28,133012,1
210,Male,33,71178,1
211,Male,50,64407,0
212,Male,26,65990,0
213,Male,23,144473,0
214,Female,33,73141,0
215,Male,46,71570,0
216,Female,20,16015,0
217,Male,37,76813,0
218,Male,53,42712,1
219,Female,36,115497,0
220,Male,43,127816,1
221,Male,20,143778,1
222,Female,36,77292,1
223,Male,37,38833,0
224,Male,49,35309,1
225,Female,24,21970,0
226,Male,58,87474,1
227,Male,50,61540,0
228,Male,57,33017,1
229,Female,56,90880,1
230,Male,35,120570,1
231,Female,57,23702,0
232,Male,18,146456,1
233,Male,28,15404,0
234,Male,45,27763,1
235,Female,42,113142,1
236,Male,40,95642,0
237,Male,48,65612,1
238,Male,47,38574,0
239,Male,59,38524,0
240,Male,52,25916,1
241,Male,24,19809,0
242,Male,33,136288,1
243,Male,43,53765,0
244,Male,19,60106,0
245,Male,18,68932,0
246,Male,29,72091,0
247,Female,22,36949,0
248,Male,54,52744,1
249,Male,49,123319,1
250,Female,26,107193,0
251,Male,58,51187,1
252,Female,52,139454,1
253,Male,36,29489,0
254,Male,33,76877,1
255,Male,20,64922,0
256,Male,37,109074,0
257,Male,41,52131,0
258,Male,50,130765,0
259,Male,41,88963,0
260,Male,28,121884,1
261,Male,25,140917,0
262,Male,53,39285,0
263,Male,55,52626,0
264,Male,57,34198,0
265,Male,37,30254,0
266,Male,52,59238,1
267,Female,42,16252,0
268,Male,52,54764,0
269,Male,42,92709,0
270,Male,46,68682,0
271,Male,35,74494,1
272,Female,35,96317,1
273,Male,19,80215,0
274,Male,52,93587,1
275,Male,33,21949,0
276,Male,58,70393,1
277,Female,53,40934,1
278,Male,50,90745,1
279,Female,21,109456,1
280,Male,50,68413,1
281,Male,31,112239,1
282,Female,38,57318,1
283,Male,37,85390,0
284,Female,25,58088,0
285,Male,24,118196,0
286,Male,20,70479,0
287,Male,34,34963,0
288,Male,50,70123,1
289,Male,29,140911,1
290,Female,39,117468,0
291,Female,39,88477,1
292,Female,47,29388,1
293,Male,55,20569,0
294,Male,55,84836,0
295,Male,25,119573,0
296,Male,44,60002,0
297,Male,44,39071,1
298,Male,51,73243,1
299,Male,38,140827,1
300,Male,47,123215,1
301,Male,50,116570,1
302,Male,45,84724,1
303,Male,50,130359,1
304,Male,22,90697,1
305,Female,36,43732,0
306,Male,21,136465,0
307,Male,52,72108,1
308,Male,34,126195,0
309,Female,45,118081,1
310,Female,47,51668,0
311,Male,46,38061,0
312,Male,23,94252,1
313,Male,52,54749,1
314,Male,58,145560,1
315,Female,54,119680,1
316,Male,41,66745,1
317,Male,46,123464,1
318,Male,48,106865,1
319,Male,52,127428,0
320,Male,50,38624,1
321,Female,38,38321,0
322,Female,49,37574,1
323,Male,40,133831,1
324,Male,50,110257,1
325,Male,20,79291,0
326,Male,35,142600,0
327,Male,42,65428,0
328,Male,59,146374,1
329,Female,48,146127,1
330,Male,20,126317,1
331,Male,57,142449,1
332,Male,41,43699,0
333,Male,49,88686,1
334,Male,39,82661,0
335,Male,40,59247,0
336,Male,19,120113,1
337,Male,44,19621,0
338,Male,59,33030,1
339,Male,19,97838,1
340,Male,43,99717,1
341,Male,34,53638,0
342,Male,57,82067,0
343,Male,50,133033,1
344,Male,26,120977,0
345,Male,60,103869,1
346,Male,56,120186,1
347,Male,46,49674,0
348,Female,59,61271,1
349,Male,43,88688,1
350,Male,52,126076,1
351,Male,42,16062,1
352,Male,41,65448,1
353,Female,30,110462,0
354,Male,24,62915,0
355,Male,53,19632,1
356,Male,37,119592,1
357,Male,18,149668,0
358,Male,25,124779,1
359,Female,33,123099,1
360,Male,31,22561,0
361,Male,29,97152,1
362,Female,40,140036,1
363,Male,32,139049,1
364,Male,45,41734,0
365,Male,51,41069,1
366,Female,19,27910,0
367,Male,49,88479,0
368,Male,40,96264,1
369,Male,39,38275,1
370,Male,42,87274,0
371,Male,39,115776,0
372,Male,39,63447,1
373,Male,59,141394,1
374,Male,23,90703,1
375,Male,32,91090,1
376,Male,60,32260,1
377,Male,54,127581,1
378,Male,50,18812,0
379,Male,25,131148,0
380,Male,22,131421,1
381,Male,56,16605,1
382,Male,21,87303,1
383,Female,23,91125,0
384,Male,49,139040,1
385,Male,47,19324,0
386,Male,52,91323,0
387,Female,57,24111,1
388,Male,33,31389,1
389,Male,30,137177,1
390,Male,59,56427,0
391,Male,47,137883,0
392,Female,36,146189,1
393,Male,34,140808,0
394,Male,36,127221,1
395,Male,45,28234,0
396,Female,43,68441,1
397,Female,54,15846,0
398,Male,43,25954,0
399,Female,40,94239,0
400,Female,26,61514,0
